Tiempo_Viaje_Min,Flujo_Pasajeros_Min,Cluster_Estado
30.0,206,1
23.6,265,1
31.5,66,2
40.2,184,0
22.7,111,2
22.7,121,2
40.8,114,0
32.7,98,0
20.3,153,1
30.4,100,0
20.4,166,1
20.3,147,2
27.4,136,0
5.9,96,2
7.8,115,2
19.4,195,1
14.9,180,1
28.1,91,2
15.9,156,1
10.9,195,1
39.7,50,0
22.7,183,1
25.7,110,2
10.8,184,1
19.6,104,2
26.1,42,2
13.5,52,2
28.8,153,0
19.0,166,1
22.1,96,2
19.0,188,1
43.5,50,0
24.9,146,2
14.4,77,2
33.2,111,0
12.8,153,1
27.1,98,2
5.4,127,2
11.7,210,1
27.0,115,2
32.4,200,0
26.7,82,2
23.8,182,1
22.0,236,1
10.2,10,2
17.8,102,2
20.4,185,1
35.6,138,0
28.4,172,0
7.4,114,2
28.2,155,0
21.1,141,2
18.2,220,1
31.1,165,0
35.3,170,0
34.3,125,0
16.6,121,2
21.9,124,2
28.3,174,0
34.8,125,0
20.2,167,1
23.1,275,1
13.9,202,1
13.0,130,2
33.1,222,0
38.6,126,0
24.3,28,2
35.0,90,0
28.6,38,2
18.5,129,2
28.6,151,0
40.4,251,0
24.6,170,1
40.6,137,0
5.0,200,1
33.2,17,2
25.9,164,1
22.0,196,1
25.9,61,2
5.1,219,1
22.8,170,1
28.6,125,0
39.8,188,0
19.8,286,1
16.9,161,1
20.0,165,1
34.2,122,0
28.3,99,2
19.7,200,1
30.1,99,0
26.0,154,0
34.7,121,0
18.0,179,1
21.7,170,1
21.1,212,1
10.4,119,2
28.0,134,0
27.6,91,2
25.1,123,2
22.7,173,1
10.8,195,1
20.8,95,2
21.6,202,1
17.0,231,1
23.4,175,1
29.0,263,1
43.9,104,0
26.7,75,2
27.6,43,2
24.3,240,1
5.8,189,1
24.7,147,2
25.6,167,1
49.6,82,0
23.1,297,1
28.0,158,0
24.7,157,1
13.3,194,1
36.4,179,0
32.5,163,0
32.9,103,0
15.9,178,1
39.0,263,0
11.0,231,1
30.9,246,1
46.9,119,0
15.1,91,2
19.3,142,2
26.0,153,0
20.0,216,1
9.5,48,2
25.7,242,1
14.4,141,2
29.7,124,0
15.8,89,2
40.5,51,0
17.2,199,1
21.8,154,1
33.1,73,0
12.7,72,2
27.3,130,0
38.1,250,0
8.9,134,2
26.8,60,2
27.6,135,0
32.8,134,0
12.6,10,2
11.8,147,2
30.2,136,0
28.0,192,1
27.5,261,1
28.5,218,1
18.2,134,2
27.3,84,2
27.9,300,1
17.9,154,1
43.7,151,0
29.7,149,0
13.1,162,1
31.6,141,0
15.3,116,2
32.9,117,0
36.6,148,0
16.8,117,2
34.6,107,0
29.1,156,0
33.2,135,0
44.0,240,0
22.5,10,2
17.5,215,1
16.1,225,1
16.8,26,2
24.2,129,2
28.4,128,0
27.8,66,2
33.3,103,0
25.1,83,2
39.5,255,0
22.4,206,1
52.2,226,0
31.3,193,0
16.4,82,2
14.3,119,2
29.8,179,0
22.8,77,2
32.1,193,0
29.7,136,0
24.3,128,2
16.5,193,1
9.9,177,1
20.5,128,2
33.6,220,0
27.1,85,2
12.5,187,1
26.7,186,1
28.9,131,0
16.2,170,1
26.5,75,2
25.6,205,1
13.6,139,2
28.6,119,0
30.6,213,1
35.8,108,0
35.5,65,0
11.2,57,2
15.6,186,1
30.2,73,2
30.1,255,1
30.2,25,2
60.0,252,0
30.7,163,0
36.4,144,0
34.5,117,0
31.5,174,0
21.8,148,2
32.6,216,0
17.3,157,1
22.6,159,1
20.1,128,2
25.8,147,0
48.1,168,0
6.3,47,2
31.9,69,2
8.9,195,1
20.3,160,1
35.9,139,0
25.6,151,0
14.2,171,1
17.8,118,2
31.8,103,0
17.7,162,1
27.2,91,2
25.5,174,1
18.5,48,2
46.4,212,0
31.3,178,0
5.0,165,1
26.9,209,1
18.4,250,1
33.5,211,0
17.1,40,2
23.9,73,2
30.0,113,0
33.7,152,0
13.0,181,1
21.7,106,2
20.3,161,1
18.5,105,2
42.7,113,0
29.0,66,2
12.4,95,2
34.2,69,0
46.2,91,0
35.3,213,0
9.8,93,2
20.2,300,1
37.7,180,0
17.9,161,1
29.4,98,2
32.7,192,0
15.7,115,2
24.4,157,1
5.0,300,1
14.8,144,2
22.5,219,1
12.5,108,2
41.3,148,0
10.7,256,1
20.6,112,2
26.3,259,1
39.4,192,0
10.6,116,2
36.6,188,0
25.1,208,1
15.2,187,1
29.6,56,2
27.0,106,2
19.0,135,2
25.7,146,0
21.1,187,1
26.1,161,1
31.6,70,2
40.9,173,0
12.6,187,1
46.3,184,0
5.5,215,1
23.5,200,1
30.9,178,0
27.8,146,0
18.8,50,2
22.9,176,1
20.1,162,1
19.1,166,1
33.5,73,0
28.6,85,2
18.1,213,1
34.0,148,0
28.1,191,1
33.1,152,0
31.3,152,0
16.7,206,1
19.4,119,2
32.5,156,0
31.1,122,0
24.8,124,2
26.2,131,2
37.8,163,0
19.1,121,2
30.5,225,1
23.0,96,2
22.8,139,2
36.0,124,0
33.3,237,1
33.1,162,0
38.1,212,0
25.2,61,2
31.8,166,0
21.9,203,1
28.2,155,0
23.7,214,1
26.0,119,2
31.0,235,1
16.8,288,1
45.9,128,0
14.9,123,2
12.9,237,1
36.6,245,0
32.9,119,0
31.2,125,0
31.3,133,0
24.9,69,2
16.0,95,2
25.8,90,2
18.2,104,2
34.8,148,0
23.5,164,1
16.7,243,1
21.8,90,2
29.1,209,1
19.4,137,2
16.8,147,2
27.4,190,1
27.4,83,2
19.9,173,1
20.3,160,1
27.3,180,1
10.5,167,1
10.9,297,1
17.8,112,2
22.9,118,2
28.1,113,2
39.8,117,0
33.6,112,0
23.4,221,1
24.8,235,1
15.0,116,2
24.8,100,2
22.1,178,1
28.2,117,0
16.7,188,1
30.2,162,0
40.3,59,0
23.9,243,1
29.0,258,1
31.9,113,0
21.0,127,2
27.2,167,0
25.1,170,1
26.0,190,1
17.3,271,1
25.2,139,2
30.0,102,0
39.5,67,0
34.6,106,0
46.5,148,0
17.3,258,1
33.7,119,0
26.8,163,0
46.9,149,0
16.9,221,1
16.6,300,1
19.0,118,2
5.0,121,2
19.7,213,1
17.4,191,1
26.5,261,1
28.4,185,1
43.8,128,0
34.5,185,0
19.2,217,1
16.0,199,1
29.9,180,0
11.8,214,1
43.3,220,0
36.8,233,0
20.3,189,1
7.9,140,2
38.5,159,0
23.9,222,1
37.4,101,0
9.1,172,1
19.0,126,2
25.1,152,1
25.5,227,1
20.5,161,1
31.2,153,0
14.3,68,2
23.6,195,1
26.2,189,1
30.1,280,1
32.1,132,0
13.8,163,1
9.7,165,1
37.8,245,0
28.3,144,0
17.5,167,1
40.5,186,0
26.2,161,0
36.8,123,0
25.7,162,1
45.6,214,0
42.6,88,0
22.5,158,1
34.7,108,0
31.5,222,1
38.7,59,0
15.4,116,2
31.9,173,0
35.6,244,0
7.4,146,2
13.2,117,2
5.0,263,1
22.3,63,2
32.2,18,2
40.0,176,0
25.7,120,2
41.3,89,0
11.2,193,1
8.0,165,1
24.4,116,2
28.8,73,2
24.7,202,1
5.0,189,1
24.1,144,2
12.0,261,1
31.7,86,0
28.7,58,2
15.6,108,2
19.9,147,2
14.4,165,1
24.4,136,2
34.6,171,0
15.1,75,2
30.0,237,1
19.7,145,2
17.1,217,1
23.9,171,1
14.6,177,1
19.5,184,1
13.0,177,1
44.6,189,0
25.4,230,1
18.0,162,1
27.1,193,1
23.9,145,2
22.8,236,1
31.1,109,0
32.6,258,1
19.7,148,2
19.2,64,2
22.2,158,1
5.0,109,2
9.8,200,1
38.7,111,0
41.4,123,0
22.5,37,2
30.8,123,0
28.1,10,2
55.8,55,0
36.2,196,0
23.7,197,1
15.4,176,1
8.9,92,2
27.0,147,0
17.4,150,1
10.8,80,2
18.5,240,1
14.2,203,1
41.9,137,0
33.8,152,0
24.9,163,1
39.8,27,0
25.8,135,2
16.4,109,2
40.2,90,0
30.4,133,0
14.6,258,1
23.1,188,1
16.2,116,2
11.2,184,1
