Tiempo_Viaje_Min,Flujo_Pasajeros_Min
30.0,206
23.6,265
31.5,66
40.2,184
22.7,111
22.7,121
40.8,114
32.7,98
20.3,153
30.4,100
20.4,166
20.3,147
27.4,136
5.9,96
7.8,115
19.4,195
14.9,180
28.1,91
15.9,156
10.9,195
39.7,50
22.7,183
25.7,110
10.8,184
19.6,104
26.1,42
13.5,52
28.8,153
19.0,166
22.1,96
19.0,188
43.5,50
24.9,146
14.4,77
33.2,111
12.8,153
27.1,98
5.4,127
11.7,210
27.0,115
32.4,200
26.7,82
23.8,182
22.0,236
10.2,10
17.8,102
20.4,185
35.6,138
28.4,172
7.4,114
28.2,155
21.1,141
18.2,220
31.1,165
35.3,170
34.3,125
16.6,121
21.9,124
28.3,174
34.8,125
20.2,167
23.1,275
13.9,202
13.0,130
33.1,222
38.6,126
24.3,28
35.0,90
28.6,38
18.5,129
28.6,151
40.4,251
24.6,170
40.6,137
5.0,200
33.2,17
25.9,164
22.0,196
25.9,61
5.1,219
22.8,170
28.6,125
39.8,188
19.8,286
16.9,161
20.0,165
34.2,122
28.3,99
19.7,200
30.1,99
26.0,154
34.7,121
18.0,179
21.7,170
21.1,212
10.4,119
28.0,134
27.6,91
25.1,123
22.7,173
10.8,195
20.8,95
21.6,202
17.0,231
23.4,175
29.0,263
43.9,104
26.7,75
27.6,43
24.3,240
5.8,189
24.7,147
25.6,167
49.6,82
23.1,297
28.0,158
24.7,157
13.3,194
36.4,179
32.5,163
32.9,103
15.9,178
39.0,263
11.0,231
30.9,246
46.9,119
15.1,91
19.3,142
26.0,153
20.0,216
9.5,48
25.7,242
14.4,141
29.7,124
15.8,89
40.5,51
17.2,199
21.8,154
33.1,73
12.7,72
27.3,130
38.1,250
8.9,134
26.8,60
27.6,135
32.8,134
12.6,10
11.8,147
30.2,136
28.0,192
27.5,261
28.5,218
18.2,134
27.3,84
27.9,300
17.9,154
43.7,151
29.7,149
13.1,162
31.6,141
15.3,116
32.9,117
36.6,148
16.8,117
34.6,107
29.1,156
33.2,135
44.0,240
22.5,10
17.5,215
16.1,225
16.8,26
24.2,129
28.4,128
27.8,66
33.3,103
25.1,83
39.5,255
22.4,206
52.2,226
31.3,193
16.4,82
14.3,119
29.8,179
22.8,77
32.1,193
29.7,136
24.3,128
16.5,193
9.9,177
20.5,128
33.6,220
27.1,85
12.5,187
26.7,186
28.9,131
16.2,170
26.5,75
25.6,205
13.6,139
28.6,119
30.6,213
35.8,108
35.5,65
11.2,57
15.6,186
30.2,73
30.1,255
30.2,25
60.0,252
30.7,163
36.4,144
34.5,117
31.5,174
21.8,148
32.6,216
17.3,157
22.6,159
20.1,128
25.8,147
48.1,168
6.3,47
31.9,69
8.9,195
20.3,160
35.9,139
25.6,151
14.2,171
17.8,118
31.8,103
17.7,162
27.2,91
25.5,174
18.5,48
46.4,212
31.3,178
5.0,165
26.9,209
18.4,250
33.5,211
17.1,40
23.9,73
30.0,113
33.7,152
13.0,181
21.7,106
20.3,161
18.5,105
42.7,113
29.0,66
12.4,95
34.2,69
46.2,91
35.3,213
9.8,93
20.2,300
37.7,180
17.9,161
29.4,98
32.7,192
15.7,115
24.4,157
5.0,300
14.8,144
22.5,219
12.5,108
41.3,148
10.7,256
20.6,112
26.3,259
39.4,192
10.6,116
36.6,188
25.1,208
15.2,187
29.6,56
27.0,106
19.0,135
25.7,146
21.1,187
26.1,161
31.6,70
40.9,173
12.6,187
46.3,184
5.5,215
23.5,200
30.9,178
27.8,146
18.8,50
22.9,176
20.1,162
19.1,166
33.5,73
28.6,85
18.1,213
34.0,148
28.1,191
33.1,152
31.3,152
16.7,206
19.4,119
32.5,156
31.1,122
24.8,124
26.2,131
37.8,163
19.1,121
30.5,225
23.0,96
22.8,139
36.0,124
33.3,237
33.1,162
38.1,212
25.2,61
31.8,166
21.9,203
28.2,155
23.7,214
26.0,119
31.0,235
16.8,288
45.9,128
14.9,123
12.9,237
36.6,245
32.9,119
31.2,125
31.3,133
24.9,69
16.0,95
25.8,90
18.2,104
34.8,148
23.5,164
16.7,243
21.8,90
29.1,209
19.4,137
16.8,147
27.4,190
27.4,83
19.9,173
20.3,160
27.3,180
10.5,167
10.9,297
17.8,112
22.9,118
28.1,113
39.8,117
33.6,112
23.4,221
24.8,235
15.0,116
24.8,100
22.1,178
28.2,117
16.7,188
30.2,162
40.3,59
23.9,243
29.0,258
31.9,113
21.0,127
27.2,167
25.1,170
26.0,190
17.3,271
25.2,139
30.0,102
39.5,67
34.6,106
46.5,148
17.3,258
33.7,119
26.8,163
46.9,149
16.9,221
16.6,300
19.0,118
5.0,121
19.7,213
17.4,191
26.5,261
28.4,185
43.8,128
34.5,185
19.2,217
16.0,199
29.9,180
11.8,214
43.3,220
36.8,233
20.3,189
7.9,140
38.5,159
23.9,222
37.4,101
9.1,172
19.0,126
25.1,152
25.5,227
20.5,161
31.2,153
14.3,68
23.6,195
26.2,189
30.1,280
32.1,132
13.8,163
9.7,165
37.8,245
28.3,144
17.5,167
40.5,186
26.2,161
36.8,123
25.7,162
45.6,214
42.6,88
22.5,158
34.7,108
31.5,222
38.7,59
15.4,116
31.9,173
35.6,244
7.4,146
13.2,117
5.0,263
22.3,63
32.2,18
40.0,176
25.7,120
41.3,89
11.2,193
8.0,165
24.4,116
28.8,73
24.7,202
5.0,189
24.1,144
12.0,261
31.7,86
28.7,58
15.6,108
19.9,147
14.4,165
24.4,136
34.6,171
15.1,75
30.0,237
19.7,145
17.1,217
23.9,171
14.6,177
19.5,184
13.0,177
44.6,189
25.4,230
18.0,162
27.1,193
23.9,145
22.8,236
31.1,109
32.6,258
19.7,148
19.2,64
22.2,158
5.0,109
9.8,200
38.7,111
41.4,123
22.5,37
30.8,123
28.1,10
55.8,55
36.2,196
23.7,197
15.4,176
8.9,92
27.0,147
17.4,150
10.8,80
18.5,240
14.2,203
41.9,137
33.8,152
24.9,163
39.8,27
25.8,135
16.4,109
40.2,90
30.4,133
14.6,258
23.1,188
16.2,116
11.2,184
